<?xml version="1.0" encoding="UTF-8"?>
<metadata xml:lang="da"><Esri><CreaDate>20191104</CreaDate><CreaTime>22351300</CreaTime><ArcGISFormat>1.0</ArcGISFormat><SyncOnce>TRUE</SyncOnce><DataProperties><lineage><Process ToolSource="c:\program files (x86)\arcgis\desktop10.7\ArcToolbox\Toolboxes\Spatial Analyst Tools.tbx\Con" Date="20191104" Time="223513">Con ocean_baltic3_null.tif 1 C:\Users\IdaRei\OceanSeanergy\final_baltic_ocean.tif 0 ""Value" = 0"</Process></lineage></DataProperties></Esri></metadata>
