<?xml version="1.0" encoding="UTF-8"?>
<metadata xml:lang="da"><Esri><CreaDate>20200512</CreaDate><CreaTime>22535000</CreaTime><ArcGISFormat>1.0</ArcGISFormat><SyncOnce>TRUE</SyncOnce><DataProperties><lineage><Process ToolSource="c:\program files (x86)\arcgis\desktop10.7\ArcToolbox\Toolboxes\Conversion Tools.tbx\PolygonToRaster" Date="20200512" Time="225350">PolygonToRaster area_union_dissolve gridvalue Z:\OnlyAvailableOnline\PhD20171127\bonus_basmati\deliverables\synthesis_report\processMay2020\final_baltic_ocean.tif CELL_CENTER NONE Z:\OnlyAvailableOnline\PhD20171127\dataTool\arcmap_prototype2\SEANERGYtools_20200512\SEANERGY\extra_inputs\final_baltic_ocean.tif</Process></lineage></DataProperties></Esri></metadata>
